[
  {
    "id": "c2199be0-a8fa-45fa-9b18-eba4b327f75f",
    "data": [
      {
        "text": "could u order pizza ",
        "userDefined": false
      },
      {
        "text": "here",
        "meta": "@sys.address",
        "alias": "address",
        "userDefined": true
      }
    ],
    "isTemplate": false,
    "count": 0,
    "lang": "en",
    "updated": 0
  },
  {
    "id": "10a6bf4f-c75a-4f0c-8090-46209e490545",
    "data": [
      {
        "text": "could u order me pizza ",
        "userDefined": false
      },
      {
        "text": "now",
        "meta": "@sys.date-time",
        "alias": "date-time",
        "userDefined": true
      }
    ],
    "isTemplate": false,
    "count": 0,
    "lang": "en",
    "updated": 0
  },
  {
    "id": "4e7d40c1-88a5-45b8-9a4f-3f7b498929da",
    "data": [
      {
        "text": "could u add ",
        "userDefined": false
      },
      {
        "text": "toppings",
        "meta": "@toppings",
        "alias": "toppings",
        "userDefined": true
      },
      {
        "text": " to the pizza",
        "userDefined": false
      }
    ],
    "isTemplate": false,
    "count": 0,
    "lang": "en",
    "updated": 0
  },
  {
    "id": "d1cb96a6-7c07-42be-bda4-629a576049f7",
    "data": [
      {
        "text": "could u order me a small ",
        "userDefined": false
      },
      {
        "text": "size",
        "meta": "@size",
        "alias": "size",
        "userDefined": true
      },
      {
        "text": " pizza",
        "userDefined": false
      }
    ],
    "isTemplate": false,
    "count": 0,
    "lang": "en",
    "updated": 0
  },
  {
    "id": "e32ac598-ca3b-47b1-b1dc-3d26f4d2197b",
    "data": [
      {
        "text": "order me pizza to the ",
        "userDefined": false
      },
      {
        "text": "email id",
        "meta": "@sys.email",
        "alias": "email",
        "userDefined": true
      }
    ],
    "isTemplate": false,
    "count": 0,
    "lang": "en",
    "updated": 0
  },
  {
    "id": "aae22478-48c9-41b1-b15c-fb88ba9aa4ca",
    "data": [
      {
        "text": "order me pizza to the ",
        "userDefined": false
      },
      {
        "text": "phone number",
        "meta": "@sys.phone-number",
        "alias": "phone-number",
        "userDefined": true
      }
    ],
    "isTemplate": false,
    "count": 0,
    "lang": "en",
    "updated": 0
  }
]